{
    "RLMovementMagnitude": 20.0,
    "fallThreshold": 0.5,
    "AgentMass": 6.0,
    "nurtureMaxDistance": 0.800000011920929,
    "ConsumePointRemainDelay": 1.0,
    "slipFloorAngle": 60.0,
    "brakeDrag": 8.0,
    "moveDrag": 2.0,
    "fallDrag": 0.019999999552965165,
    "maxSpeed": 10.15999984741211,
    "moveStaminaCost": 0.10000000149011612,
    "speedMultiplier": 50.0,
    "pushForce": 85.0,
    "pushCooldown": 1.666599988937378,
    "pushCastHeight": 0.75,
    "pushDistance": 1.5,
    "stunDuration": 7.0,
    "minSitDuration": 2.0,
    "minHoldDuration": 0.4000000059604645,
    "staminaRecoveryRate": 0.5,
    "minHoldStamina": 0.009999999776482582,
    "holdStaminaCost": 0.10000000149011612,
    "ConsumeDuration": 8.0,
    "angularDrag": 1.5,
    "PlanetMass": 12.890000343322754,
    "maxVelocity": 0.05000000074505806,
    "accelerationThreshold": 4.0,
    "decelerationRate": 6.0,
    "killHeight": -30.0
}